{
    "21 Chump Street": 987.5,
    "9 to 5": 1000,
    "Aladdin": 1012.5,
    "Anistaisa": 1000,
    "Annie": 1000,
    "Avenue Q": 1000,
    "Carousel": 1000,
    "Cats": 1000,
    "Chicago": 975.4495297093191,
    "Civil War": 999.5504702906809,
    "Color Purple": 1000,
    "Come from Away": 1036.5865075784482,
    "Dear Evan Hansen": 1000,
    "Dr. Horrible": 1012.0504702906809,
    "Falsettos": 1012.9495297093191,
    "Fiddler on the Roof": 1012.5,
    "Finding Nemo": 987.5,
    "Frozen": 1000,
    "Fun Home": 1000,
    "Galavant": 1013.3818070061005,
    "Gentlemans Guide to Love and Murder": 1000,
    "Grease": 999.5666434130238,
    "Greatest Showman": 987.5,
    "Hairspray": 1000,
    "Hamilton": 1012.5,
    "How to Succeed in Business Without Really Trying": 987.5,
    "Hunchback of Notre Dame": 1000,
    "In the Heights": 1000,
    "Into the Woods": 1012.5,
    "Jekyll & Hyde": 1000,
    "Jesus Christ Superstar": 1000,
    "Joseph and the Technicolor Dream Coat": 988.3973192992089,
    "King Kong": 1000,
    "Kinky Boots": 975.4495297093191,
    "La Llamada": 1000,
    "Last Five Years": 1000,
    "Legally Blond": 1012.0504702906809,
    "Les Miserables": 1000,
    "Little Shop": 1000,
    "Love Never Dies": 975.4495297093191,
    "Mamma Mia!": 1012.5,
    "Manifest Destiny": 1000,
    "Memphis": 1000,
    "Music Man": 1000,
    "Newsies": 1000,
    "Oklahoma!": 1000,
    "Once More With Feeling": 1000,
    "Rent": 987.9495297093191,
    "School of Rock": 1000,
    "Singing in the Rain": 1000,
    "Somthing Rotten": 1000,
    "Spongebob the Musical": 1000,
    "Spring Awakaning": 1000,
    "Sweeny Todd": 1000,
    "The Book of Mormon": 1000,
    "The King and I": 1000,
    "The Phantom of the Opera": 1012.5,
    "The Prom": 1000,
    "The Sound of Music": 987.5,
    "Waitress": 987.5,
    "Wedding Singer": 1000,
    "Wicked": 1023.266976675718,
    "Wind in the Willows": 1000,
    "title of show": 987.9016866088623
}